LSOA11CD,LSOA11NM,BUASD11CD,BUASD11NM,BUA11CD,BUA11NM,LAD11CD,LAD11NM,LAD11NMW,RGN11CD,RGN11NM,RGN11NMW,ObjectId
E01000030,Barking and Dagenham 001D,E35001364,Barking and Dagenham BUASD,E34004707,Greater London BUA,E09000002,Barking and Dagenham,,E12000007,London,,32
E01000208,Barnet 033D,E35001035,Barnet BUASD,E34004707,Greater London BUA,E09000003,Barnet,,E12000007,London,,59
E01000211,Barnet 035C,E35001035,Barnet BUASD,E34004707,Greater London BUA,E09000003,Barnet,,E12000007,London,,67
E01000237,Barnet 032A,E35001035,Barnet BUASD,E34004707,Greater London BUA,E09000003,Barnet,,E12000007,London,,108
E01000132,Barnet 021B,E35001035,Barnet BUASD,E34004707,Greater London BUA,E09000003,Barnet,,E12000007,London,,279
E01000190,Barnet 014E,E35001035,Barnet BUASD,E34004707,Greater London BUA,E09000003,Barnet,,E12000007,London,,325
E01000647,Bromley 016B,E35000434,Bromley BUASD,E34004707,Greater London BUA,E09000006,Bromley,,E12000007,London,,436
E01000670,Bromley 018A,E35000434,Bromley BUASD,E34004707,Greater London BUA,E09000006,Bromley,,E12000007,London,,532
E01000535,Brent 031F,E35000585,Brent BUASD,E34004707,Greater London BUA,E09000005,Brent,,E12000007,London,,641
E01000811,Bromley 025C,E35000434,Bromley BUASD,E34004707,Greater London BUA,E09000006,Bromley,,E12000007,London,,768
E01000600,Brent 027E,E35000585,Brent BUASD,E34004707,Greater London BUA,E09000005,Brent,,E12000007,London,,788
E01000605,Brent 021F,E35000585,Brent BUASD,E34004707,Greater London BUA,E09000005,Brent,,E12000007,London,,793
E01000928,Camden 003E,E35000865,Camden BUASD,E34004707,Greater London BUA,E09000007,Camden,,E12000007,London,,816
E01000914,Camden 028B,E35000865,Camden BUASD,E34004707,Greater London BUA,E09000007,Camden,,E12000007,London,,919
E01001202,Ealing 025C,E35001504,Ealing BUASD,E34004707,Greater London BUA,E09000009,Ealing,,E12000007,London,,1097
E01001062,Croydon 026A,E35001466,Croydon BUASD,E34004707,Greater London BUA,E09000008,Croydon,,E12000007,London,,1146
E01001064,Croydon 026C,E35001466,Croydon BUASD,E34004707,Greater London BUA,E09000008,Croydon,,E12000007,London,,1152
E01000863,Camden 021A,E35000865,Camden BUASD,E34004707,Greater London BUA,E09000007,Camden,,E12000007,London,,1196
E01001272,Ealing 006D,E35001504,Ealing BUASD,E34004707,Greater London BUA,E09000009,Ealing,,E12000007,London,,1203
E01001549,Enfield 006D,E35000978,Enfield BUASD,E34004707,Greater London BUA,E09000010,Enfield,,E12000007,London,,1366
E01001914,Hammersmith and Fulham 014D,E35000839,Hammersmith and Fulham BUASD,E34004707,Greater London BUA,E09000013,Hammersmith and Fulham,,E12000007,London,,1621
E01001934,Hammersmith and Fulham 025B,E35000839,Hammersmith and Fulham BUASD,E34004707,Greater London BUA,E09000013,Hammersmith and Fulham,,E12000007,London,,1644
E01001813,Hackney 002E,E35000973,Hackney BUASD,E34004707,Greater London BUA,E09000012,Hackney,,E12000007,London,,1696
E01001749,Hackney 020B,E35000973,Hackney BUASD,E34004707,Greater London BUA,E09000012,Hackney,,E12000007,London,,1735
E01001750,Hackney 021C,E35000973,Hackney BUASD,E34004707,Greater London BUA,E09000012,Hackney,,E12000007,London,,1741
E01002029,Haringey 016B,E35000478,Haringey BUASD,E34004707,Greater London BUA,E09000014,Haringey,,E12000007,London,,1934
E01001659,Greenwich 034D,E35001510,Greenwich BUASD,E34004707,Greater London BUA,E09000011,Greenwich,,E12000007,London,,1956
E01002259,Havering 018D,E35001275,Havering BUASD,E34004707,Greater London BUA,E09000016,Havering,,E12000007,London,,2009
E01002441,Hillingdon 003D,E35001271,Harefield BUASD,E34004835,Harefield BUA,E09000017,Hillingdon,,E12000007,London,,2230
E01002321,Havering 021B,E35001275,Havering BUASD,E34004707,Greater London BUA,E09000016,Havering,,E12000007,London,,2249
E01002682,Hounslow 014D,E35001294,Hounslow BUASD,E34004707,Greater London BUA,E09000018,Hounslow,,E12000007,London,,2426
E01002794,Islington 020B,E35000168,Islington BUASD,E34004707,Greater London BUA,E09000019,Islington,,E12000007,London,,2486
E01002814,Kensington and Chelsea 015A,E35000074,Kensington and Chelsea BUASD,E34004707,Greater London BUA,E09000020,Kensington and Chelsea,,E12000007,London,,2509
E01002549,Hillingdon 025B,E35001255,Hillingdon BUASD,E34004707,Greater London BUA,E09000017,Hillingdon,,E12000007,London,,2575
E01002618,Hounslow 011A,E35001294,Hounslow BUASD,E34004707,Greater London BUA,E09000018,Hounslow,,E12000007,London,,2596
E01002826,Kensington and Chelsea 008C,E35000074,Kensington and Chelsea BUASD,E34004707,Greater London BUA,E09000020,Kensington and Chelsea,,E12000007,London,,2642
E01002489,Hillingdon 030C,E35001255,Hillingdon BUASD,E34004707,Greater London BUA,E09000017,Hillingdon,,E12000007,London,,2689
E01002497,Hillingdon 033B,E35001255,Hillingdon BUASD,E34004707,Greater London BUA,E09000017,Hillingdon,,E12000007,London,,2698
E01002633,Hounslow 005A,E35001294,Hounslow BUASD,E34004707,Greater London BUA,E09000018,Hounslow,,E12000007,London,,2722
E01002637,Hounslow 005C,E35001294,Hounslow BUASD,E34004707,Greater London BUA,E09000018,Hounslow,,E12000007,London,,2726
E01002748,Islington 006C,E35000168,Islington BUASD,E34004707,Greater London BUA,E09000019,Islington,,E12000007,London,,2763
E01002751,Islington 005E,E35000168,Islington BUASD,E34004707,Greater London BUA,E09000019,Islington,,E12000007,London,,2765
E01003074,Lambeth 018E,E35000161,Lambeth BUASD,E34004707,Greater London BUA,E09000022,Lambeth,,E12000007,London,,2864
E01003221,Lewisham 025C,E35000058,Lewisham BUASD,E34004707,Greater London BUA,E09000023,Lewisham,,E12000007,London,,2914
E01003263,Lewisham 023A,E35000058,Lewisham BUASD,E34004707,Greater London BUA,E09000023,Lewisham,,E12000007,London,,2961
E01002919,Kingston upon Thames 017B,E35000944,Kingston upon Thames BUASD,E34004707,Greater London BUA,E09000021,Kingston upon Thames,,E12000007,London,,2986
E01002978,Kingston upon Thames 015B,E35000944,Kingston upon Thames BUASD,E34004707,Greater London BUA,E09000021,Kingston upon Thames,,E12000007,London,,3095
E01003013,Lambeth 036A,E35000161,Lambeth BUASD,E34004707,Greater London BUA,E09000022,Lambeth,,E12000007,London,,3164
E01003499,Newham 030A,E35001394,Newham BUASD,E34004707,Greater London BUA,E09000025,Newham,,E12000007,London,,3241
E01003502,Newham 030C,E35001394,Newham BUASD,E34004707,Greater London BUA,E09000025,Newham,,E12000007,London,,3244
E01003549,Newham 006C,E35001394,Newham BUASD,E34004707,Greater London BUA,E09000025,Newham,,E12000007,London,,3305
E01003587,Newham 004C,E35001394,Newham BUASD,E34004707,Greater London BUA,E09000025,Newham,,E12000007,London,,3392
E01003420,Merton 025D,E35000859,Merton BUASD,E34004707,Greater London BUA,E09000024,Merton,,E12000007,London,,3427
E01003595,Newham 026B,E35001394,Newham BUASD,E34004707,Greater London BUA,E09000025,Newham,,E12000007,London,,3451
E01003664,Redbridge 019D,E35001173,Redbridge BUASD,E34004707,Greater London BUA,E09000026,Redbridge,,E12000007,London,,3583
E01004086,Sutton 019B,E35000010,Sutton BUASD,E34004707,Greater London BUA,E09000029,Sutton,,E12000007,London,,3866
E01003809,Richmond upon Thames 005D,E35001477,Richmond upon Thames BUASD,E34004707,Greater London BUA,E09000027,Richmond upon Thames,,E12000007,London,,3884
E01003874,Richmond upon Thames 006B,E35001477,Richmond upon Thames BUASD,E34004707,Greater London BUA,E09000027,Richmond upon Thames,,E12000007,London,,3964
E01003876,Richmond upon Thames 008B,E35001477,Richmond upon Thames BUASD,E34004707,Greater London BUA,E09000027,Richmond upon Thames,,E12000007,London,,3966
E01004103,Sutton 013B,E35000010,Sutton BUASD,E34004707,Greater London BUA,E09000029,Sutton,,E12000007,London,,4006
E01004253,Tower Hamlets 024B,E35001078,Tower Hamlets BUASD,E34004707,Greater London BUA,E09000030,Tower Hamlets,,E12000007,London,,4056
E01004252,Tower Hamlets 024A,E35001078,Tower Hamlets BUASD,E34004707,Greater London BUA,E09000030,Tower Hamlets,,E12000007,London,,4134
E01004273,Tower Hamlets 014E,E35001078,Tower Hamlets BUASD,E34004707,Greater London BUA,E09000030,Tower Hamlets,,E12000007,London,,4200
E01004293,Tower Hamlets 027B,E35001078,Tower Hamlets BUASD,E34004707,Greater London BUA,E09000030,Tower Hamlets,,E12000007,London,,4217
E01004440,Waltham Forest 024D,E35001151,Waltham Forest BUASD,E34004707,Greater London BUA,E09000031,Waltham Forest,,E12000007,London,,4313
E01004509,Wandsworth 010A,E35000095,Wandsworth BUASD,E34004707,Greater London BUA,E09000032,Wandsworth,,E12000007,London,,4376
E01004391,Waltham Forest 014A,E35001151,Waltham Forest BUASD,E34004707,Greater London BUA,E09000031,Waltham Forest,,E12000007,London,,4383
E01004512,Wandsworth 019B,E35000095,Wandsworth BUASD,E34004707,Greater London BUA,E09000032,Wandsworth,,E12000007,London,,4402
E01004514,Wandsworth 012C,E35000095,Wandsworth BUASD,E34004707,Greater London BUA,E09000032,Wandsworth,,E12000007,London,,4404
E01004525,Wandsworth 035A,E35000095,Wandsworth BUASD,E34004707,Greater London BUA,E09000032,Wandsworth,,E12000007,London,,4420
E01004728,Westminster 003D,E35000546,City of Westminster BUASD,E34004707,Greater London BUA,E09000033,Westminster,,E12000007,London,,4502
E01004733,Westminster 020C,E35000546,City of Westminster BUASD,E34004707,Greater London BUA,E09000033,Westminster,,E12000007,London,,4572
E01004660,Westminster 008B,E35000546,City of Westminster BUASD,E34004707,Greater London BUA,E09000033,Westminster,,E12000007,London,,4609
E01004702,Westminster 009E,E35000546,City of Westminster BUASD,E34004707,Greater London BUA,E09000033,Westminster,,E12000007,London,,4690
E01005015,Bury 001B,E35000015,Ramsbottom BUASD,E34005054,Greater Manchester BUA,E08000002,Bury,,E12000002,North West,,4990
E01005261,Manchester 012E,E35000486,Manchester BUASD,E34005054,Greater Manchester BUA,E08000003,Manchester,,E12000002,North West,,5078
E01005044,Bury 026E,E35000486,Manchester BUASD,E34005054,Greater Manchester BUA,E08000002,Bury,,E12000002,North West,,5092
E01005712,Salford 007B,E35000595,Walkden BUASD,E34005054,Greater Manchester BUA,E08000006,Salford,,E12000002,North West,,5217
E01005353,Oldham 016D,E35001251,Oldham BUASD,E34005054,Greater Manchester BUA,E08000004,Oldham,,E12000002,North West,,5277
E01005599,Salford 026A,E35000181,Eccles BUASD,E34005054,Greater Manchester BUA,E08000006,Salford,,E12000002,North West,,5581
E01006495,Knowsley 001E,,,E34004262,Kirkby BUA,E08000011,Knowsley,,E12000002,North West,,6174
E01006532,Liverpool 047A,E35001470,Liverpool BUASD,E34004801,Liverpool BUA,E08000012,Liverpool,,E12000002,North West,,6258
E01006545,Liverpool 019A,E35001470,Liverpool BUASD,E34004801,Liverpool BUA,E08000012,Liverpool,,E12000002,North West,,6271
E01006751,Liverpool 031F,E35001470,Liverpool BUASD,E34004801,Liverpool BUA,E08000012,Liverpool,,E12000002,North West,,6599
E01006716,Liverpool 032E,E35001470,Liverpool BUASD,E34004801,Liverpool BUA,E08000012,Liverpool,,E12000002,North West,,6676
E01006903,St. Helens 019C,E35001497,St Helens BUASD,E34004801,Liverpool BUA,E08000013,St. Helens,,E12000002,North West,,6693
E01006908,St. Helens 022C,E35001497,St Helens BUASD,E34004801,Liverpool BUA,E08000013,St. Helens,,E12000002,North West,,6708
E01006821,St. Helens 011C,E35001497,St Helens BUASD,E34004801,Liverpool BUA,E08000013,St. Helens,,E12000002,North West,,6752
E01006977,Sefton 032E,E35000952,Litherland BUASD,E34004801,Liverpool BUA,E08000014,Sefton,,E12000002,North West,,6772
E01007210,Wirral 006C,E35000841,Birkenhead BUASD,E34004654,Birkenhead BUA,E08000015,Wirral,,E12000002,North West,,6887
E01007761,Rotherham 018E,E35001115,Maltby BUASD,E34004750,Maltby BUA,E08000018,Rotherham,,E12000003,Yorkshire and The Humber,,7353
E01007545,Doncaster 034A,E35001159,Doncaster BUASD,E34004696,Doncaster BUA,E08000017,Doncaster,,E12000003,Yorkshire and The Humber,,7493
E01007566,Doncaster 018C,E35001159,Doncaster BUASD,E34004696,Doncaster BUA,E08000017,Doncaster,,E12000003,Yorkshire and The Humber,,7522
E01007582,Doncaster 016B,E35000033,Bentley BUASD,E34004696,Doncaster BUA,E08000017,Doncaster,,E12000003,Yorkshire and The Humber,,7555
E01007596,Doncaster 036C,,,E34001896,New Rossington BUA,E08000017,Doncaster,,E12000003,Yorkshire and The Humber,,7569
E01008007,Sheffield 060A,E35000930,Sheffield BUASD,E34004969,Sheffield BUA,E08000019,Sheffield,,E12000003,Yorkshire and The Humber,,7602
E01007912,Sheffield 037B,E35000930,Sheffield BUASD,E34004969,Sheffield BUA,E08000019,Sheffield,,E12000003,Yorkshire and The Humber,,7686
E01007885,Sheffield 075E,E35000930,Sheffield BUASD,E34004969,Sheffield BUA,E08000019,Sheffield,,E12000003,Yorkshire and The Humber,,7732
E01007904,Sheffield 018B,E35000930,Sheffield BUASD,E34004969,Sheffield BUA,E08000019,Sheffield,,E12000003,Yorkshire and The Humber,,7751
E01007808,Rotherham 007E,E35001076,Thorpe Hesley BUASD,E34004969,Sheffield BUA,E08000018,Rotherham,,E12000003,Yorkshire and The Humber,,7778
E01008078,Sheffield 064E,E35000930,Sheffield BUASD,E34004969,Sheffield BUA,E08000019,Sheffield,,E12000003,Yorkshire and The Humber,,7872
E01008967,Birmingham 110A,E35001166,Birmingham BUASD,E34005001,West Midlands BUA,E08000025,Birmingham,,E12000005,West Midlands,,8703
E01009062,Birmingham 040E,E35001166,Birmingham BUASD,E34005001,West Midlands BUA,E08000025,Birmingham,,E12000005,West Midlands,,8818
E01009101,Birmingham 029D,E35001166,Birmingham BUASD,E34005001,West Midlands BUA,E08000025,Birmingham,,E12000005,West Midlands,,8856
E01009384,Birmingham 092E,E35001166,Birmingham BUASD,E34005001,West Midlands BUA,E08000025,Birmingham,,E12000005,West Midlands,,8921
E01009864,Dudley 025A,E35000397,Brierley Hill BUASD,E34005001,West Midlands BUA,E08000027,Dudley,,E12000005,West Midlands,,9237
E01009564,Coventry 005A,E35001376,Coventry BUASD,E34004855,Coventry BUA,E08000026,Coventry,,E12000005,West Midlands,,9529
E01009566,Coventry 009B,E35001376,Coventry BUASD,E34004855,Coventry BUA,E08000026,Coventry,,E12000005,West Midlands,,9531
E01009969,Sandwell 002A,E35001491,West Bromwich BUASD,E34005001,West Midlands BUA,E08000028,Sandwell,,E12000005,West Midlands,,9763
E01010523,Wolverhampton 013B,E35001313,Wolverhampton BUASD,E34005001,West Midlands BUA,E08000031,Wolverhampton,,E12000005,West Midlands,,10208
E01010547,Wolverhampton 014B,E35001313,Wolverhampton BUASD,E34005001,West Midlands BUA,E08000031,Wolverhampton,,E12000005,West Midlands,,10234
E01010472,Wolverhampton 015B,E35001313,Wolverhampton BUASD,E34005001,West Midlands BUA,E08000031,Wolverhampton,,E12000005,West Midlands,,10276
E01010622,Bradford 042C,E35001211,Bradford BUASD,E34004684,West Yorkshire BUA,E08000032,Bradford,,E12000003,Yorkshire and The Humber,,10280
E01010336,Walsall 034A,E35001438,Walsall BUASD,E34005001,West Midlands BUA,E08000030,Walsall,,E12000005,West Midlands,,10281
E01010628,Bradford 040A,E35001211,Bradford BUASD,E34004684,West Yorkshire BUA,E08000032,Bradford,,E12000003,Yorkshire and The Humber,,10306
E01010587,Bradford 022B,,,,,E08000032,Bradford,,E12000003,Yorkshire and The Humber,,10335
E01010863,Bradford 014D,E35001085,Keighley BUASD,E34004684,West Yorkshire BUA,E08000032,Bradford,,E12000003,Yorkshire and The Humber,,10456
E01010775,Bradford 024D,E35000731,Shipley BUASD,E34004684,West Yorkshire BUA,E08000032,Bradford,,E12000003,Yorkshire and The Humber,,10476
E01010805,Bradford 030D,E35001211,Bradford BUASD,E34004684,West Yorkshire BUA,E08000032,Bradford,,E12000003,Yorkshire and The Humber,,10509
E01011070,Kirklees 052A,E35001402,Huddersfield BUASD,E34004684,West Yorkshire BUA,E08000034,Kirklees,,E12000003,Yorkshire and The Humber,,10534
E01010994,Calderdale 008E,E35000317,Halifax BUASD,E34004684,West Yorkshire BUA,E08000033,Calderdale,,E12000003,Yorkshire and The Humber,,10690
E01011103,Kirklees 025B,E35001402,Huddersfield BUASD,E34004684,West Yorkshire BUA,E08000034,Kirklees,,E12000003,Yorkshire and The Humber,,10789
E01011106,Kirklees 029C,E35001402,Huddersfield BUASD,E34004684,West Yorkshire BUA,E08000034,Kirklees,,E12000003,Yorkshire and The Humber,,10792
E01011234,Kirklees 038D,E35001402,Huddersfield BUASD,E34004684,West Yorkshire BUA,E08000034,Kirklees,,E12000003,Yorkshire and The Humber,,10872
E01011237,Kirklees 039D,E35001402,Huddersfield BUASD,E34004684,West Yorkshire BUA,E08000034,Kirklees,,E12000003,Yorkshire and The Humber,,10881
E01011154,Kirklees 045D,E35001402,Huddersfield BUASD,E34004684,West Yorkshire BUA,E08000034,Kirklees,,E12000003,Yorkshire and The Humber,,11033
E01011756,Wakefield 002C,E35000669,Castleford BUASD,E34004675,Castleford BUA,E08000036,Wakefield,,E12000003,Yorkshire and The Humber,,11328
E01012235,Stockton-on-Tees 024A,,,E34002793,Kirklevington BUA,E06000004,Stockton-on-Tees,,E12000001,North East,,11625
E01012041,Middlesbrough 003F,E35001385,Middlesbrough BUASD,E34004802,Teesside BUA,E06000002,Middlesbrough,,E12000001,North East,,11683
E01012307,Darlington 009A,,,E34002141,Darlington BUA,E06000005,Darlington,,E12000001,North East,,11715
E01012254,Stockton-on-Tees 012E,E35001498,Stockton-on-Tees BUASD,E34004802,Teesside BUA,E06000004,Stockton-on-Tees,,E12000001,North East,,11861
E01012631,Blackburn with Darwen 006B,E35000757,Blackburn BUASD,E34004557,Blackburn BUA,E06000008,Blackburn with Darwen,,E12000002,North West,,12141
E01012855,Kingston upon Hull 029D,E35001335,Kingston upon Hull BUASD,E34004839,Kingston upon Hull BUA,E06000010,"Kingston upon Hull, City of",,E12000003,Yorkshire and The Humber,,12414
E01013002,East Riding of Yorkshire 041D,E35000692,Goole BUASD,E34004857,Goole BUA,E06000011,East Riding of Yorkshire,,E12000003,Yorkshire and The Humber,,12466
E01013136,North East Lincolnshire 002A,E35001320,Grimsby BUASD,E34004917,Grimsby BUA,E06000012,North East Lincolnshire,,E12000003,Yorkshire and The Humber,,12508
E01013092,East Riding of Yorkshire 032F,E35000549,Brough BUASD,E34004944,Brough (East Riding of Yorkshire) BUA,E06000011,East Riding of Yorkshire,,E12000003,Yorkshire and The Humber,,12728
E01013037,East Riding of Yorkshire 019B,,,E34000313,Beverley BUA,E06000011,East Riding of Yorkshire,,E12000003,Yorkshire and The Humber,,12739
E01013041,East Riding of Yorkshire 019D,,,E34000313,Beverley BUA,E06000011,East Riding of Yorkshire,,E12000003,Yorkshire and The Humber,,12743
E01012827,Kingston upon Hull 011D,E35001335,Kingston upon Hull BUASD,E34004839,Kingston upon Hull BUA,E06000010,"Kingston upon Hull, City of",,E12000003,Yorkshire and The Humber,,12785
E01013204,North East Lincolnshire 019A,E35001320,Grimsby BUASD,E34004917,Grimsby BUA,E06000012,North East Lincolnshire,,E12000003,Yorkshire and The Humber,,12908
E01013814,Nottingham 022B,E35001316,Nottingham BUASD,E34004946,Nottingham BUA,E06000018,Nottingham,,E12000004,East Midlands,,13252
E01013811,Nottingham 018B,E35001316,Nottingham BUASD,E34004946,Nottingham BUA,E06000018,Nottingham,,E12000004,East Midlands,,13325
E01013996,Herefordshire 016A,,,E34004334,Hereford BUA,E06000019,"Herefordshire, County of",,E12000005,West Midlands,,13347
E01013885,Nottingham 002E,E35001316,Nottingham BUASD,E34004946,Nottingham BUA,E06000018,Nottingham,,E12000004,East Midlands,,13437
E01013864,Nottingham 014A,E35001316,Nottingham BUASD,E34004946,Nottingham BUA,E06000018,Nottingham,,E12000004,East Midlands,,13544
E01014151,Telford and Wrekin 014B,E35001307,Telford BUASD,E34004622,Telford BUA,E06000020,Telford and Wrekin,,E12000005,West Midlands,,13687
E01015231,Torbay 014B,E35001318,Paignton BUASD,E34004813,Paignton/Torquay BUA,E06000027,Torbay,,E12000009,South West,,14727
E01015283,Bournemouth 017A,E35001146,Bournemouth BUASD,E34005031,Bournemouth/Poole BUA,E06000028,Bournemouth,,E12000009,South West,,15006
E01015383,Poole 007D,E35000801,Poole BUASD,E34005031,Bournemouth/Poole BUA,E06000029,Poole,,E12000009,South West,,15068
E01015439,Poole 008B,E35000801,Poole BUASD,E34005031,Bournemouth/Poole BUA,E06000029,Poole,,E12000009,South West,,15130
E01015446,Poole 012B,E35000801,Poole BUASD,E34005031,Bournemouth/Poole BUA,E06000029,Poole,,E12000009,South West,,15137
E01015316,Bournemouth 014A,E35001146,Bournemouth BUASD,E34005031,Bournemouth/Poole BUA,E06000028,Bournemouth,,E12000009,South West,,15158
E01015918,Southend-on-Sea 017E,E35000390,Southend-on-Sea BUASD,E34005046,Southend-on-Sea BUA,E06000033,Southend-on-Sea,,E12000006,East of England,,15256
E01015821,Southend-on-Sea 005B,E35000390,Southend-on-Sea BUASD,E34005046,Southend-on-Sea BUA,E06000033,Southend-on-Sea,,E12000006,East of England,,15330
E01015728,Luton 019B,E35000963,Luton BUASD,E34004983,Luton BUA,E06000032,Luton,,E12000006,East of England,,15361
E01015855,Southend-on-Sea 015E,E35000390,Southend-on-Sea BUASD,E34005046,Southend-on-Sea BUA,E06000033,Southend-on-Sea,,E12000006,East of England,,15546
E01016233,Bracknell Forest 007B,E35001242,Bracknell BUASD,E34004707,Greater London BUA,E06000036,Bracknell Forest,,E12000008,South East,,15636
E01016460,Slough 007E,E35001353,Slough BUASD,E34004940,Slough BUA,E06000039,Slough,,E12000008,South East,,15743
E01016377,Reading 017C,E35001501,Reading BUASD,E34004640,Reading BUA,E06000038,Reading,,E12000008,South East,,15833
E01016565,Windsor and Maidenhead 011B,,,E34003482,Datchet BUA,E06000040,Windsor and Maidenhead,,E12000008,South East,,16114
E01017392,Central Bedfordshire 013B,E35000443,Clifton (Central Bedfordshire) BUASD,E34004780,Shefford BUA,E06000056,Central Bedfordshire,,E12000006,East of England,,16836
E01017578,Central Bedfordshire 026A,E35000573,Houghton Regis BUASD,E34004983,Luton BUA,E06000056,Central Bedfordshire,,E12000006,East of England,,16872
E01017555,Central Bedfordshire 021A,,,E34003354,Leighton Buzzard BUA,E06000056,Central Bedfordshire,,E12000006,East of England,,17145
E01017801,South Bucks 001F,,,E34002872,Beaconsfield BUA,E07000006,South Bucks,,E12000008,South East,,17239
E01017833,South Bucks 006D,E35000948,Taplow BUASD,E34004560,Maidenhead BUA,E07000006,South Bucks,,E12000008,South East,,17360
E01017844,Wycombe 017B,E35001210,High Wycombe BUASD,E34004704,High Wycombe BUA,E07000007,Wycombe,,E12000008,South East,,17446
E01019156,Barrow-in-Furness 004A,,,E34003078,Barrow-in-Furness BUA,E07000027,Barrow-in-Furness,,E12000002,North West,,18658
E01019903,East Devon 006D,,,,,E07000040,East Devon,,E12000009,South West,,19259
E01019938,East Devon 001B,,,,,E07000040,East Devon,,E12000009,South West,,19293
E01020073,Mid Devon 009B,,,E34001666,Lapford BUA,E07000042,Mid Devon,,E12000009,South West,,19327
E01020117,North Devon 003C,,,E34002653,Ilfracombe BUA,E07000043,North Devon,,E12000009,South West,,19398
E01020143,South Hams 006B,,,,,E07000044,South Hams,,E12000009,South West,,19424
E01020260,Teignbridge 011D,E35000065,Shaldon BUASD,E34004878,Teignmouth BUA,E07000045,Teignbridge,,E12000009,South West,,19660
E01020475,Purbeck 002E,E35000801,Poole BUASD,E34005031,Bournemouth/Poole BUA,E07000051,Purbeck,,E12000009,South West,,19811
E01020176,South Hams 002D,,,E34000341,South Brent BUA,E07000044,South Hams,,E12000009,South West,,19828
E01020296,Torridge 005D,,,,,E07000046,Torridge,,E12000009,South West,,19835
E01020549,West Dorset 011D,,,E34003065,Martinstown BUA,E07000052,West Dorset,,E12000009,South West,,19892
E01020403,East Dorset 004A,,,E34000353,St Leonards BUA,E07000049,East Dorset,,E12000009,South West,,19940
E01020832,County Durham 063C,,,E34002689,Newton Aycliffe BUA,E06000047,County Durham,,E12000001,North East,,20201
E01021279,Basildon 010E,E35001284,Basildon BUASD,E34004645,Basildon BUA,E07000066,Basildon,,E12000006,East of England,,20488
E01021306,Basildon 013E,E35001284,Basildon BUASD,E34004645,Basildon BUA,E07000066,Basildon,,E12000006,East of England,,20521
E01021632,Chelmsford 011B,E35001288,Chelmsford BUASD,E34004924,Chelmsford BUA,E07000070,Chelmsford,,E12000006,East of England,,20817
E01021602,Chelmsford 018B,,,,,E07000070,Chelmsford,,E12000006,East of England,,20826
E01021686,Colchester 011D,E35001357,Colchester BUASD,E34005048,Colchester BUA,E07000071,Colchester,,E12000006,East of England,,20918
E01021483,Castle Point 004C,,,,,E07000069,Castle Point,,E12000006,East of England,,20992
E01021446,Brentwood 009B,,,E34002063,West Horndon BUA,E07000068,Brentwood,,E12000006,East of England,,21019
E01021768,Epping Forest 001A,,,,,E07000072,Epping Forest,,E12000006,East of England,,21136
E01021670,Colchester 002C,E35001357,Colchester BUASD,E34005048,Colchester BUA,E07000071,Colchester,,E12000006,East of England,,21165
E01021677,Colchester 010D,E35000929,Marks Tey BUASD,E34005048,Colchester BUA,E07000071,Colchester,,E12000006,East of England,,21175
E01021806,Epping Forest 009A,,,,,E07000072,Epping Forest,,E12000006,East of England,,21423
E01023498,East Hertfordshire 006A,,,E34004072,Puckeridge BUA,E07000097,East Hertfordshire,,E12000006,East of England,,22833
E01023446,East Hertfordshire 007D,,,E34001711,Bishop's Stortford BUA,E07000097,East Hertfordshire,,E12000006,East of England,,22920
E01023583,Hertsmere 004C,,,E34004230,Shenley BUA,E07000098,Hertsmere,,E12000006,East of England,,22936
E01023604,North Hertfordshire 010D,E35001499,Hitchin BUASD,E34004783,Hitchin BUA,E07000099,North Hertfordshire,,E12000006,East of England,,23176
E01023624,North Hertfordshire 014D,,,,,E07000099,North Hertfordshire,,E12000006,East of England,,23196
E01023891,Watford 002B,E35000012,Watford BUASD,E34004707,Greater London BUA,E07000103,Watford,,E12000006,East of England,,23449
E01023893,Watford 002D,E35000012,Watford BUASD,E34004707,Greater London BUA,E07000103,Watford,,E12000006,East of England,,23490
E01023907,Watford 001D,E35000012,Watford BUASD,E34004707,Greater London BUA,E07000103,Watford,,E12000006,East of England,,23519
E01023925,Welwyn Hatfield 011B,,,E34002252,Essendon BUA,E07000104,Welwyn Hatfield,,E12000006,East of England,,23537
E01024907,Burnley 010D,E35000498,Burnley BUASD,E34004743,Burnley BUA,E07000117,Burnley,,E12000002,North West,,24331
E01025321,Ribble Valley 005A,,,E34000556,Chatburn BUA,E07000124,Ribble Valley,,E12000002,North West,,24463
E01025076,Hyndburn 007C,E35000814,Oswaldtwistle BUASD,E34004905,Accrington/Rossendale BUA,E07000120,Hyndburn,,E12000002,North West,,24479
E01025232,Preston 013B,E35001250,Preston BUASD,E34005039,Preston BUA,E07000123,Preston,,E12000002,North West,,24613
E01025487,West Lancashire 004E,E35000969,Burscough BUASD,E34004935,Burscough BUA,E07000127,West Lancashire,,E12000002,North West,,24984
E01025518,West Lancashire 007E,,,E34002061,Ormskirk BUA,E07000127,West Lancashire,,E12000002,North West,,25019
E01026255,South Holland 008B,,,E34003565,Long Sutton (South Holland) BUA,E07000140,South Holland,,E12000004,East Midlands,,25228
E01026259,South Holland 005C,,,,,E07000140,South Holland,,E12000004,East Midlands,,25232
E01026144,Lincoln 003B,E35001451,Lincoln BUASD,E34005030,Lincoln BUA,E07000138,Lincoln,,E12000004,East Midlands,,25363
E01026229,North Kesteven 011B,,,E34003071,Sleaford BUA,E07000139,North Kesteven,,E12000004,East Midlands,,25433
E01026006,Boston 003A,,,E34004383,Boston BUA,E07000136,Boston,,E12000004,East Midlands,,25581
E01026008,Boston 001B,,,E34003067,Freiston BUA,E07000136,Boston,,E12000004,East Midlands,,25583
E01026018,Boston 007B,,,,,E07000136,Boston,,E12000004,East Midlands,,25593
E01026335,South Kesteven 013B,,,E34000508,Market Deeping BUA,E07000141,South Kesteven,,E12000004,East Midlands,,25814
E01026385,West Lindsey 005A,,,,,E07000142,West Lindsey,,E12000004,East Midlands,,25815
E01026400,West Lindsey 009D,,,E34001990,Scampton Airfield BUA,E07000142,West Lindsey,,E12000004,East Midlands,,25906
E01026973,Corby 004B,E35001263,Corby BUASD,E34004788,Corby BUA,E07000150,Corby,,E12000004,East Midlands,,26083
E01027099,Kettering 008D,E35001167,Kettering BUASD,E34004967,Kettering BUA,E07000153,Kettering,,E12000004,East Midlands,,26314
E01027280,South Northamptonshire 008B,,,E34002981,Deanshanger BUA,E07000155,South Northamptonshire,,E12000004,East Midlands,,26483
E01027290,South Northamptonshire 011B,,,E34004440,Croughton BUA,E07000155,South Northamptonshire,,E12000004,East Midlands,,26493
E01028167,Gedling 006D,E35000779,Arnold BUASD,E34004946,Nottingham BUA,E07000173,Gedling,,E12000004,East Midlands,,27334
E01028096,Broxtowe 014E,E35001323,Beeston (Broxtowe) BUASD,E34004946,Nottingham BUA,E07000172,Broxtowe,,E12000004,East Midlands,,27391
E01028295,Newark and Sherwood 005A,,,E34000833,Bilsthorpe BUA,E07000175,Newark and Sherwood,,E12000004,East Midlands,,27418
E01028297,Newark and Sherwood 005B,,,E34000833,Bilsthorpe BUA,E07000175,Newark and Sherwood,,E12000004,East Midlands,,27420
E01028037,Bassetlaw 015D,,,E34001555,Tuxford BUA,E07000171,Bassetlaw,,E12000004,East Midlands,,27506
E01028063,Bassetlaw 014D,E35001286,Worksop BUASD,E34004671,Worksop BUA,E07000171,Bassetlaw,,E12000004,East Midlands,,27532
E01028658,South Oxfordshire 006F,,,E34002587,Clifton Hampden BUA,E07000179,South Oxfordshire,,E12000008,South East,,27629
E01028588,Oxford 011G,E35001441,Oxford BUASD,E34004572,Oxford BUA,E07000178,Oxford,,E12000008,South East,,27854
E01028600,South Oxfordshire 007A,,,E34003241,Benson BUA,E07000179,South Oxfordshire,,E12000008,South East,,27863
E01028610,South Oxfordshire 007E,,,E34000959,Chalgrove BUA,E07000179,South Oxfordshire,,E12000008,South East,,27873
E01028727,Vale of White Horse 015B,,,E34001547,Harwell BUA,E07000180,Vale of White Horse,,E12000008,South East,,27984
E01028521,Oxford 008A,E35001441,Oxford BUASD,E34004572,Oxford BUA,E07000178,Oxford,,E12000008,South East,,27996
E01028733,Vale of White Horse 002A,E35000309,Kennington BUASD,E34004572,Oxford BUA,E07000180,Vale of White Horse,,E12000008,South East,,28012
E01028788,West Oxfordshire 006A,,,E34004372,Eynsham BUA,E07000181,West Oxfordshire,,E12000008,South East,,28032
E01028910,Shropshire 003A,,,,,E06000051,Shropshire,,E12000005,West Midlands,,28237
E01029964,Ipswich 009B,E35001281,Ipswich BUASD,E34004730,Ipswich BUA,E07000202,Ipswich,,E12000006,East of England,,28912
E01030081,Mid Suffolk 005D,E35000296,Stowupland BUASD,E34004865,Stowmarket BUA,E07000203,Mid Suffolk,,E12000006,East of England,,29343
E01029983,Ipswich 016F,E35001281,Ipswich BUASD,E34004730,Ipswich BUA,E07000202,Ipswich,,E12000006,East of England,,29441
E01030011,Ipswich 005E,E35001281,Ipswich BUASD,E34004730,Ipswich BUA,E07000202,Ipswich,,E12000006,East of England,,29476
E01030247,Waveney 007A,,,E34004315,Lowestoft BUA,E07000206,Waveney,,E12000006,East of England,,29526
E01031014,North Warwickshire 003F,E35001215,Atherstone BUASD,E34004986,Atherstone BUA,E07000218,North Warwickshire,,E12000005,West Midlands,,30090
E01031023,North Warwickshire 004A,,,E34003998,Curdworth BUA,E07000218,North Warwickshire,,E12000005,West Midlands,,30102
E01031028,North Warwickshire 007D,,,,,E07000218,North Warwickshire,,E12000005,West Midlands,,30107
E01031245,Stratford-on-Avon 014C,,,,,E07000221,Stratford-on-Avon,,E12000005,West Midlands,,30464
E01031193,Stratford-on-Avon 015A,,,,,E07000221,Stratford-on-Avon,,E12000005,West Midlands,,30538
E01031215,Stratford-on-Avon 015D,,,E34002010,Shipston-on-Stour BUA,E07000221,Stratford-on-Avon,,E12000005,West Midlands,,30725
E01032218,Malvern Hills 010D,,,,,E07000235,Malvern Hills,,E12000005,West Midlands,,31210
E01032357,Wychavon 004A,E35001228,Droitwich BUASD,E34004685,Droitwich BUA,E07000238,Wychavon,,E12000005,West Midlands,,31275
E01032146,Bromsgrove 005B,E35000954,Major's Green BUASD,E34005001,West Midlands BUA,E07000234,Bromsgrove,,E12000005,West Midlands,,31592
E01032780,Tower Hamlets 028I,E35001078,Tower Hamlets BUASD,E34004707,Greater London BUA,E09000030,Tower Hamlets,,E12000007,London,,31712
E01032553,Middlesbrough 018H,E35001385,Middlesbrough BUASD,E34004802,Teesside BUA,E06000002,Middlesbrough,,E12000001,North East,,31946
E01033059,Bromsgrove 012D,E35000326,Bromsgrove BUASD,E34004991,Bromsgrove BUA,E07000234,Bromsgrove,,E12000005,West Midlands,,32010
E01032887,Sandwell 018E,E35001491,West Bromwich BUASD,E34005001,West Midlands BUA,E08000028,Sandwell,,E12000005,West Midlands,,32055
E01033101,Wandsworth 004F,E35000095,Wandsworth BUASD,E34004707,Greater London BUA,E09000032,Wandsworth,,E12000007,London,,32123
E01033153,Waltham Forest 020G,E35001151,Waltham Forest BUASD,E34004707,Greater London BUA,E09000031,Waltham Forest,,E12000007,London,,32399
E01033394,Newark and Sherwood 012G,E35000480,Farndon (Newark and Sherwood) BUASD,E34004948,Newark-on-Trent BUA,E07000175,Newark and Sherwood,,E12000004,East Midlands,,32493
E01033407,Nottingham 039F,E35001316,Nottingham BUASD,E34004946,Nottingham BUA,E06000018,Nottingham,,E12000004,East Midlands,,32544
E01033720,Colchester 002F,E35001357,Colchester BUASD,E34005048,Colchester BUA,E07000071,Colchester,,E12000006,East of England,,32558
E01033583,Newham 013G,E35001394,Newham BUASD,E34004707,Greater London BUA,E09000025,Newham,,E12000007,London,,32586
E01033282,Oxford 008E,E35001441,Oxford BUASD,E34004572,Oxford BUA,E07000178,Oxford,,E12000008,South East,,32604
E01033595,Westminster 013E,E35000546,City of Westminster BUASD,E34004707,Greater London BUA,E09000033,Westminster,,E12000007,London,,32656
E01033604,Westminster 009J,E35000546,City of Westminster BUASD,E34004707,Greater London BUA,E09000033,Westminster,,E12000007,London,,32665
W01000150,Conwy 005B,W38000010,Kinmel Bay BUASD,W37000381,Kinmel Bay/Abergele BUA,W06000003,Conwy,Conwy,W92000004,Wales,Cymru,32840
E01033752,Liverpool 062B,E35001470,Liverpool BUASD,E34004801,Liverpool BUA,E08000012,Liverpool,,E12000002,North West,,32954
W01000190,Conwy 014D,,,W37000374,Cerrigydrudion BUA,W06000003,Conwy,Conwy,W92000004,Wales,Cymru,33002
W01000234,Denbighshire 017G,W38000112,Rhyl BUASD,W37000407,Rhyl/Prestatyn BUA,W06000004,Denbighshire,Sir Ddinbych,W92000004,Wales,Cymru,33034
W01000312,Flintshire 011B,W38000096,Sandycroft BUASD,W37000386,Buckley BUA,W06000005,Flintshire,Sir y Fflint,W92000004,Wales,Cymru,33076
W01000015,Isle of Anglesey 008C,,,W37000291,Llanfair Pwllgwyngyll BUA,W06000001,Isle of Anglesey,Ynys MÂn,W92000004,Wales,Cymru,33080
